trait,chr,rs,ps,beta,p_wald
D41-2_DLA,10,id10001923,6231500,-3.419638,2.024029e-05
D41-2_DLA,10,id10002284,7044997,-3.675685,7.339002e-06
D41-2_DLA,10,id10002294,7134484,-3.490267,1.754721e-05
D41-2_DLA,11,id11006398,17823963,4.516635,1.342216e-06
D41-2_DLA,11,id11009412,23814347,4.378619,1.674098e-05
12YL_LT,12,id12003875,9906982,-1.613688,2.021835e-05
12YL_LT,12,id12003973,10208157,-1.781316,7.37331e-07
12YL_LT,12,ud12000654,10245978,-1.669482,3.546864e-06
D41-2_LT,12,id12003996,10276913,-0.919286,2.925834e-05
12YL_LT,12,id12004003,10385086,-1.644659,6.870038e-06
D41-2_LT,12,id12004010,10393207,-0.919286,2.925834e-05
12YL_LT,12,id12004058,10468515,-1.888196,2.638819e-06
12YL_LT,12,id12004075,10507291,-1.744174,7.413696e-06
12YL_LT,12,id12004093,10604192,-1.790951,1.082417e-06
12YL_LT,12,fd2,10604967,-1.674406,2.70687e-06
12YL_LT,12,id12004118,10668612,-1.686307,1.731376e-06
D41-2_LT,12,id12004143,10761575,-0.998553,1.609731e-05
D41-2_LT,12,id12004183,10799415,-0.848146,1.802962e-05
12YL_LT,12,id12004211,10859755,-1.701941,2.028347e-06
12YL_LT,12,id12004214,10860308,-1.739262,1.223321e-06
12YL_LT,12,id12004217,10861719,-1.701941,2.028347e-06
D41-2_LT,12,id12004228,10864829,-1.014076,1.687128e-05
12YL_LT,12,id12004230,10868316,-1.81048,5.894069e-07
12YL_LT,12,id12004269,11135070,-1.701941,2.028347e-06
12YL_LT,12,id12004284,11190243,-1.867045,3.564628e-07
12YL_LT,12,id12004315,11267491,-1.732384,1.51546e-06
12YL_LT,12,ud12000700,11319589,-1.743941,1.322975e-06
12YL_LT,12,id12004405,11840177,-1.742386,1.627886e-06
12YL_LT,12,id12004513,12427840,-1.701941,2.028347e-06
D41-2_LT,12,id12005070,14031807,-1.085495,1.676382e-05
D41-2_DLA,12,id12005211,14487618,-5.593687,1.12994e-05
